{"_runtime":0,"_step":7,"acc":0.7981839829771127,"loss":0.2916507349438321,"_timestamp":1.7636489363776698e+09,"_wandb":{"runtime":0}}