{"_timestamp":1.7636497897393885e+09,"_wandb":{"runtime":0},"_runtime":0,"_step":7,"acc":0.8440434044469763,"loss":0.1797498300047028}